"siteid","sitename","area","notes","description","elev"
9,"Adange",NA,NA,NA,2065
15,"Aguilar",NA,NA,NA,3828
17,"Ajata",NA,NA,NA,4773
19,"Akulinin Exposure P1282",NA,NA,NA,367
31,"Alut Lake",NA,NA,NA,488
32,"Amarete",NA,NA,NA,3755
68,"Amguema River Valley Exposure 1",NA,NA,NA,493
69,"Amguema River Valley Exposure 2",NA,NA,NA,376
70,"Amguema River Valley Exposure 3",NA,NA,NA,552
200,"Amtkel",NA,NA,NA,2635
206,"Andy Lake",NA,NA,NA,1352
207,"Angal Lake",NA,NA,NA,828
208,"Lac à l'Ange",NA,NA,NA,669
214,"Arts Lough",NA,NA,NA,613
220,"Badaran-Yuryakhskoye Exposure",NA,NA,NA,515
222,"Baird Inlet [Rock Basin Lake]",NA,NA,NA,359
223,"Ballinloghig Lake",NA,NA,NA,66
224,"Ballybetagh",NA,NA,NA,431
226,"Balsam Meadow",NA,NA,NA,2023
231,"Barrett Lake",NA,NA,NA,2827
243,"Beaver Lake",NA,NA,NA,2560
244,"Bechan Cave",NA,NA,NA,1352
246,"Beef Pasture",NA,NA,NA,3033
248,"Bell's Lake",NA,NA,NA,472
254,"Berry Pond",NA,NA,NA,650
268,"Big Pond",NA,NA,NA,605
273,"Blacktail Pond",NA,NA,NA,2012
279,"Blue Lake",NA,NA,NA,1930
288,"Serra da Boa Vista",NA,NA,NA,1149
309,"Browns Pond",NA,NA,NA,620
316,"Bugutakh Exposure, Adycha River",NA,NA,NA,436
335,"Selle di Carnino",NA,NA,NA,1975
336,"Carp Lake",NA,NA,NA,755
339,"Cascade Fen [Engineer Mountain Bog]",NA,NA,NA,2693
342,"Caunahue",NA,NA,NA,1280
343,"Cayambe",NA,NA,NA,3807
347,"Chacaltaya 1",NA,NA,NA,4746
348,"Chacaltaya 2",NA,NA,NA,4746
350,"Bol'shaya Kuobakh-Baga River, Channel Site",NA,NA,NA,1311
356,"Chernyii Yar Exposure 955",NA,NA,NA,79
365,"Chubukulakhskoye Exposure",NA,NA,NA,410
477,"Isla Clarence",NA,NA,NA,24
482,"Clear Pond",NA,NA,NA,513
483,"Cerro Calvario",NA,NA,NA,4282
486,"Columbine Ranch Fen",NA,NA,NA,2703
494,"Copley Lake",NA,NA,NA,3251
496,"Lac Côté",NA,NA,NA,983
499,"Cottonwood Slough",NA,NA,NA,1042
501,"Cottonwood Pass Pond",NA,NA,NA,3671
505,"Cranberry Glades",NA,NA,NA,1204
512,"Crowfoot Lake",NA,NA,NA,1932
513,"Crowsnest Lake",NA,NA,NA,965
521,"Cueva Haichol",NA,NA,NA,1170
523,"Cumbre Unduavi",NA,NA,NA,4628
534,"Davis Lake",NA,NA,NA,450
655,"Toadlena Lake [Dead Man Lake]",NA,NA,NA,2758
657,"Deer Lake Bog",NA,NA,NA,1264
671,"Lac du Diable",NA,NA,NA,485
672,"Kirgirlakh Stream, Berelyekh River Basin",NA,NA,NA,715
673,"Dinkey Meadow",NA,NA,NA,2070
681,"Divide Lake",NA,NA,NA,2623
695,"Dlinnoye Lake",NA,NA,NA,257
696,"Dikikh Olyenyeii Lake Exposure",NA,NA,NA,267
699,"Dome Creek Meadow",NA,NA,NA,3146
728,"Heart Lake",NA,NA,NA,660
745,"Upper Wallface Pond",NA,NA,NA,958
757,"Eagle Lake Bog",NA,NA,NA,1000
769,"Elikchan 4 Lake",NA,NA,NA,891
771,"Eldora Fen",NA,NA,NA,2852
773,"Elgennya Lake",NA,NA,NA,1099
776,"Emerald Lake",NA,NA,NA,2557
778,"Encantado",NA,NA,NA,1087
781,"Enmynveem River",NA,NA,NA,560
789,"Lac à la Fourche",NA,NA,NA,355
793,"Excelsior Basin",NA,NA,NA,2309
796,"Fallback Lake",NA,NA,NA,2519
806,"Figurnoye Lake",NA,NA,NA,1048
811,"Floating Island Lake",NA,NA,NA,2611
818,"Forest Lake",NA,NA,NA,1900
827,"Frying Pan Lake",NA,NA,NA,2719
831,"Gagra",NA,NA,NA,-4
936,"Goff Lake",NA,NA,NA,1941
937,"Gold Lake",NA,NA,NA,1465
939,"Goluboye Lake",NA,NA,NA,799
967,"Gytgykai Lake",NA,NA,NA,457
992,"Headwaters Lake",NA,NA,NA,869
996,"Hebron Lake",NA,NA,NA,335
1074,"Honeymoon Pond",NA,NA,NA,1220
1109,"Iglutalik Lake",NA,NA,NA,74
1110,"Morro da Igreja",NA,NA,NA,1373
1114,"Indian Prairie Fen",NA,NA,NA,1241
1118,"Keystone Iron Fen",NA,NA,NA,2881
1120,"Morro de Itapeva",NA,NA,NA,1637
1122,"Izylmet'evskaya Terrace Exposure 3410",NA,NA,NA,107
1124,"Jack London Lake",NA,NA,NA,930
1135,"January Cave [EbPp-Vp]",NA,NA,NA,2060
1358,"Tourbière du lac Joncas",NA,NA,NA,743
1406,"Katantica",NA,NA,NA,4840
1408,"Keele Lake",NA,NA,NA,1124
1481,"Kinsman Pond",NA,NA,NA,1134
1485,"Kirk Lake",NA,NA,NA,256
1503,"Kollioksak Lake",NA,NA,NA,122
1515,"Bol'shaya Kuobakh-Baga River, Terrace Site",NA,NA,NA,887
1527,"Kyurbe-Yurakh-1 Exposure",NA,NA,NA,612
1528,"Kyurbe-Yuryakh-2",NA,NA,NA,645
1536,"La Esperanza",NA,NA,NA,384
1537,"Lago de Ajo",NA,NA,NA,1569
1571,"Lateral Pond",NA,NA,NA,492
1578,"Lejía",NA,NA,NA,4316
1579,"Lac à Léonard",NA,NA,NA,34
1580,"Lesnaya River Exposure",NA,NA,NA,257
1584,"Laguna Huatacocha",NA,NA,NA,4506
1585,"Lily Lake",NA,NA,NA,190
1587,"Lily Lake",NA,NA,NA,2403
1588,"Lily Lake Fen",NA,NA,NA,2403
1592,"Little Lake",NA,NA,NA,214
1595,"Laguna Jeronimo",NA,NA,NA,4532
1603,"Laguna Milloc",NA,NA,NA,4426
1607,"Lonesome Lake",NA,NA,NA,834
1609,"Long Lake",NA,NA,NA,2728
1615,"Lost P.",NA,NA,NA,614
1618,"Louise Pond",NA,NA,NA,651
1620,"Laguna Paca",NA,NA,NA,3389
1621,"Laguna Pomacocha",NA,NA,NA,4555
1625,"Laguna Tuctua",NA,NA,NA,4227
1638,"Maligne Lake",NA,NA,NA,1884
1639,"Mallin Book",NA,NA,NA,974
1641,"Enmynveem River (mammoth site)",NA,NA,NA,339
1647,"Lac Marcotte",NA,NA,NA,231
1649,"Marion Lake",NA,NA,NA,299
1651,"Mariposa Lake",NA,NA,NA,2814
1655,"Lago Mascardi-Gutierrez",NA,NA,NA,820
1665,"McDougall Pond",NA,NA,NA,197
1677,"Lac Mélèze",NA,NA,NA,657
1685,"Meseta Latorre",NA,NA,NA,934
1698,"Lac Mimi",NA,NA,NA,415
1699,"Minakokosa Lake",NA,NA,NA,163
1702,"Paramo de Miranda",NA,NA,NA,3975
1705,"Molas Lake",NA,NA,NA,3205
1706,"Molas Pass Bog",NA,NA,NA,3316
1714,"Moreno Glacier Bog",NA,NA,NA,434
1715,"Mosquito Lake Bog",NA,NA,NA,205
1717,"Monte Blanco",NA,NA,NA,4866
1723,"Munday Creek",NA,NA,NA,101
1731,"Natla Bog",NA,NA,NA,1328
1737,"Nevado Sabancaya",NA,NA,NA,4267
1748,"Niliq Lake",NA,NA,NA,265
1765,"Lake O'Hara",NA,NA,NA,2066
1767,"Old Camp Lake",NA,NA,NA,930
1776,"Opabin Lake",NA,NA,NA,2330
1777,"Headwaters Opasnaya River",NA,NA,NA,1147
1778,"Headwaters Opasnaya River (mine shaft)",NA,NA,NA,1147
1783,"Oumi Exposure",NA,NA,NA,1081
1791,"Paramonovskii Stream Exposure 4980",NA,NA,NA,316
1798,"Pashennoe",NA,NA,NA,878
1817,"Puerto Edén",NA,NA,NA,26
1822,"Pepel'noye Lake",NA,NA,NA,181
1830,"Paramo de Piedras Blancas",NA,NA,NA,1446
1838,"Pinecrest Lake",NA,NA,NA,342
1842,"Pixie Lake",NA,NA,NA,63
1895,"Podkova Lake",NA,NA,NA,814
1899,"Porphyry Lake",NA,NA,NA,1098
1905,"Posy Lake",NA,NA,NA,2646
1907,"Potts Mountain Pond",NA,NA,NA,1041
1910,"Primavera",NA,NA,NA,893
1936,"Quarles Pond",NA,NA,NA,507
1948,"Rahue",NA,NA,NA,839
1953,"Ra Lake",NA,NA,NA,228
1955,"Ranger Lake",NA,NA,NA,740
1956,"Rapid Lake",NA,NA,NA,3136
1973,"Rebel Lake",NA,NA,NA,870
1974,"Redondo Lake",NA,NA,NA,1138
1976,"Redrock Lake",NA,NA,NA,3101
1977,"Redstone Lake",NA,NA,NA,856
1994,"Río Kaluyo",NA,NA,NA,4194
2192,"Rock Island Lake",NA,NA,NA,930
2244,"Sajama",NA,NA,NA,4605
2245,"Sakana Lake",NA,NA,NA,748
2247,"Salado",NA,NA,NA,1891
2255,"Sanabria Marsh",NA,NA,NA,1425
2259,"San Pedro",NA,NA,NA,503
2265,"Sierra Bacha 1",NA,NA,NA,204
2270,"Screaming Yellowlegs Pond",NA,NA,NA,595
2271,"Seagull Lake",NA,NA,NA,1008
2280,"Selitkan-1 Exposure",NA,NA,NA,647
2281,"Selitkan-2 Exposure",NA,NA,NA,661
2282,"Selitkan-3 Exposure",NA,NA,NA,698
2292,"Shady Valley Bog",NA,NA,NA,847
2294,"Shangri-La Bog",NA,NA,NA,204
2299,"Sherd Lake",NA,NA,NA,2667
2492,"Slough Creek Pond",NA,NA,NA,1997
2495,"Smorodinovoye Lake",NA,NA,NA,821
2499,"Sosednee Lake",NA,NA,NA,930
2503,"Splains Gulch",NA,NA,NA,3153
2504,"Splains Lake",NA,NA,NA,3167
2509,"Serra do Rio Rastro",NA,NA,NA,236
2513,"Starkweather Pond",NA,NA,NA,2596
2526,"Surprise Lake",NA,NA,NA,547
2529,"Swamp Lake",NA,NA,NA,1626
2544,"Telegraph Creek",NA,NA,NA,1586
2545,"Témpano Sur",NA,NA,NA,54
2546,"Ten Lakes",NA,NA,NA,2829
2547,"Ten Mile Lake",NA,NA,NA,976
2553,"Tioga Pass Pond",NA,NA,NA,3025
2556,"Toboggan Lake",NA,NA,NA,1456
2561,"Tonquin Creek",NA,NA,NA,1946
2568,"Taloye Lake",NA,NA,NA,1271
2572,"Tumbre 1",NA,NA,NA,3995
2573,"Tumbre 2",NA,NA,NA,3995
2577,"Lac Turcotte",NA,NA,NA,431
2785,"Twin Lakes",NA,NA,NA,3290
2787,"Tyrrell Lake",NA,NA,NA,673
2790,"Unaschi Exposure",NA,NA,NA,54
2795,"Upper South Branch Pond",NA,NA,NA,286
2798,"Urochitsche Zvezdochka Exposure",NA,NA,NA,109
2800,"Utricularia Lake",NA,NA,NA,2756
2801,"Uyandinskoye Exposure",NA,NA,NA,578
2802,"Mallín Vaca Lauquen",NA,NA,NA,1555
2803,"Valle Laguna Negra",NA,NA,NA,3864
2804,"Valle Laguna Victoria",NA,NA,NA,3145
2808,"Venyukovka-1 Exposure",NA,NA,NA,205
2810,"Venyukovka-3 Exposure",NA,NA,NA,205
2811,"Veranada Pelan",NA,NA,NA,1836
2812,"Veranada Vulkanpickel",NA,NA,NA,2973
2825,"Walker Lake",NA,NA,NA,968
2828,"Watchtower Basin",NA,NA,NA,2290
2853,"Whiskey Lake",NA,NA,NA,2708
2858,"Wilcox Pass",NA,NA,NA,2329
2935,"Wonder Lake",NA,NA,NA,939
2940,"Point Woronzof Peat Section",NA,NA,NA,838
2941,"Woski Pond",NA,NA,NA,1205
2945,"Yarlington Tier",NA,NA,NA,635
2946,"Yastrebovka River Exposure",NA,NA,NA,602
2957,"Como Lake",NA,NA,NA,3581
2964,"Aegelsee",NA,NA,NA,1064
2967,"Aiguillettes des Ouches",NA,NA,NA,2206
2969,"Plan du Laus",NA,NA,NA,2130
2970,"Alsa",NA,NA,NA,543
2974,"Amtkel 1",NA,NA,NA,1896
2975,"Amtkel 2",NA,NA,NA,1808
2976,"Amtkel 3",NA,NA,NA,1826
2982,"Plan Dechaud",NA,NA,NA,2160
2984,"Lago de Arreo",NA,NA,NA,693
2988,"Altenweiher",NA,NA,NA,915
2989,"Atxuri",NA,NA,NA,485
3004,"Puerto de Belate",NA,NA,NA,1066
3005,"Bellefontaine",NA,NA,NA,1085
3012,"Besbog",NA,NA,NA,2249
3016,"Biot",NA,NA,NA,853
3026,"Blusovie",NA,NA,NA,2896
3030,"Boehnigsee Goldmoos",NA,NA,NA,2059
3040,"Butter Mountain",NA,NA,NA,489
3042,"Cairn",NA,NA,NA,2332
3046,"Vallon de Provence",NA,NA,NA,2074
3049,"Lac Chambon",NA,NA,NA,893
3057,"Loch Cill Chriosd",NA,NA,NA,161
3058,"Loch a'Chroisg",NA,NA,NA,155
3059,"Lac du Clou",NA,NA,NA,2369
3060,"Clapeyret",NA,NA,NA,2267
3062,"Plan du Clou",NA,NA,NA,1708
3063,"Coire Bog",NA,NA,NA,250
3064,"Colfiorito",NA,NA,NA,754
3066,"Cooran Lane",NA,NA,NA,259
3067,"Lac Couvert",NA,NA,NA,1793
3073,"Cueto de la Avellanosa",NA,NA,NA,1248
3076,"Daba-Nur",NA,NA,NA,2445
3079,"Demiryurt Gölü",NA,NA,NA,1656
3087,"Loch Dungeon",NA,NA,NA,303
3089,"Dürrenecksee-Moor",NA,NA,NA,1528
3097,"Puerto de las Estacas de Trueba",NA,NA,NA,1151
3100,"Loch Fada",NA,NA,NA,122
3106,"Flaatevatn",NA,NA,NA,548
3116,"Fuchsschwanzmoos",NA,NA,NA,1743
3119,"Aghia Galini",NA,NA,NA,35
3124,"Druim Bad a'Ghaill",NA,NA,NA,115
3125,"Lochan coir a' Ghobhainn",NA,NA,NA,71
3144,"Hirschenmoor",NA,NA,NA,873
3155,"Huleh",NA,NA,NA,458
3166,"Liptovský Ján",NA,NA,NA,642
3176,"Plan du Jeu",NA,NA,NA,2024
3186,"Lake Orestiás",NA,NA,NA,654
3188,"Khodzal",NA,NA,NA,2351
3211,"Kunyok",NA,NA,NA,217
3212,"Kupena",NA,NA,NA,1469
3215,"La Cote-Vercors",NA,NA,NA,974
3217,"Lagodekhi",NA,NA,NA,2751
3220,"Lac du Lait",NA,NA,NA,2197
3224,"Laguna de la Roya",NA,NA,NA,1612
3225,"Etang du Lautrey",NA,NA,NA,784
3226,"Col des Lauzes",NA,NA,NA,1820
3235,"Lignin Lake",NA,NA,NA,2288
3242,"Loch Lomond Ross Dubh",NA,NA,NA,150
3244,"Lac Long Inférieur",NA,NA,NA,2111
3255,"Luganskoe",NA,NA,NA,2368
3267,"Madic",NA,NA,NA,416
3270,"Maleshevska Mountains Peat Bog",NA,NA,NA,1472
3273,"Loch Maree",NA,NA,NA,3
3274,"Mareuge",NA,NA,NA,1072
3278,"Vitosha Mountains Peat Bog",NA,NA,NA,2153
3293,"Le Monal",NA,NA,NA,2020
3294,"Le Mont",NA,NA,NA,1998
3295,"Lago Grande di Monticchio",NA,NA,NA,649
3296,"Morrone Birkwoods",NA,NA,NA,416
3301,"Lac Mouton",NA,NA,NA,2158
3305,"Mutorog Peat Bog",NA,NA,NA,1616
3310,"Nick of Curleywee",NA,NA,NA,400
3330,"Ospitale",NA,NA,NA,1240
3337,"Lago Padule",NA,NA,NA,1186
3339,"Puy de Paillaret",NA,NA,NA,1575
3344,"Pelléautier",NA,NA,NA,864
3345,"Lac de Perle",NA,NA,NA,2101
3352,"Picherande",NA,NA,NA,1703
3355,"Plan du Lac",NA,NA,NA,2194
3357,"Popovo Ezero",NA,NA,NA,2234
3367,"Quartzevoe",NA,NA,NA,2119
3368,"Quintanar de la Sierra",NA,NA,NA,1474
3372,"Råttuvarri",NA,NA,NA,121
3373,"Saint Julien de Ratz",NA,NA,NA,669
3374,"Grand Ratz le Pellet",NA,NA,NA,697
3376,"Regetovka",NA,NA,NA,519
3379,"Ribnoe",NA,NA,NA,2158
3394,"Sabion",NA,NA,NA,2260
3395,"Les Saisies",NA,NA,NA,1562
3397,"Saldropo",NA,NA,NA,603
3402,"Serni",NA,NA,NA,2187
3409,"Sibista",NA,NA,NA,1882
3410,"Lac de Siguret",NA,NA,NA,1056
3415,"Saint Sixte",NA,NA,NA,721
3416,"Lac Saint Léger",NA,NA,NA,1323
3424,"Moselotte",NA,NA,NA,1234
3425,"Lochan an Smuraich",NA,NA,NA,29
3429,"Sögüt Gölü",NA,NA,NA,1580
3443,"Strath Oykell",NA,NA,NA,174
3450,"Suho ezero II",NA,NA,NA,1906
3456,"Szymbark",NA,NA,NA,382
3459,"Loch Tarff",NA,NA,NA,285
3466,"Tschokljovo Marsh",NA,NA,NA,1248
3473,"Puerto de Los Tornos",NA,NA,NA,818
3482,"Grosses Überling Schattseit-Moor",NA,NA,NA,1750
3522,"Zirbenwaldmoor",NA,NA,NA,2162
3527,"Plateau de Prarion",NA,NA,NA,1851
3528,"Col du Pré",NA,NA,NA,1728
8578,"Hachiman-Numa",NA,NA,NA,1442
9591,"Kelly's Lough",NA,NA,NA,570
9606,"Iwaya site",NA,NA,NA,14
9638,"Liffey Head Bog",NA,NA,NA,423
9644,"Ballygisheen Bog",NA,NA,NA,150
9698,"Lough Camclaun",NA,NA,NA,217
9699,"Reenadinna Wood",NA,NA,NA,27
9700,"Quebrada La Higuera Upper Middens",NA,NA,NA,3444
9707,"Quebrada La Higuera Lower Middens",NA,NA,NA,3164
9798,"Dog Lake",NA,NA,NA,1174
9811,"Derrycunihy Wood",NA,NA,NA,126
9814,"Alpine Pond",NA,NA,NA,3203
9816,"Lough Aisling",NA,NA,NA,13
9817,"Lough Anaffrin",NA,NA,NA,172
9819,"Lough Corslieve",NA,NA,NA,297
9830,"Lowder Creek Bog",NA,NA,NA,3151
9836,"Pedrido",NA,NA,NA,271
9838,"Uragh Wood",NA,NA,NA,135
9865,"Lake Kirkpatrick",NA,NA,NA,563
9868,"Dukes Tarn",NA,NA,NA,828
9877,"Tianchi Lake",NA,NA,NA,2435
9889,"Blackwoods Hollow",NA,NA,NA,28
9942,"Yahoo Lake",NA,NA,NA,716
9945,"Siesta Lake",NA,NA,NA,2424
9947,"Burnt Knob Lake",NA,NA,NA,2235
9974,"Baker Lake",NA,NA,NA,2394
9985,"Hoodoo Lake",NA,NA,NA,1763
9988,"Brass Tarn",NA,NA,NA,3939
9989,"Pintler Lake",NA,NA,NA,1922
9992,"Ogac Lake",NA,NA,NA,5
9994,"Moose Lake",NA,NA,NA,1542
9995,"Martins Lake",NA,NA,NA,1422
9996,"Ijomba",NA,NA,NA,3634
9998,"Efstadalsvatn",NA,NA,NA,119
9999,"Dye Lower Water Lake (Dyer Lake)",NA,NA,NA,327
10004,"Eagle Tarn",NA,NA,NA,1049
10005,"Adamsons Peak",NA,NA,NA,943
10006,"Komanimambuno Mire",NA,NA,NA,2735
10024,"Rotten Swamp",NA,NA,NA,1442
10027,"Lac Suprin",NA,NA,NA,233
10047,"Granta Pools",NA,NA,NA,674
10049,"Laguna del Cóndor",NA,NA,NA,819
10053,"Mumbo Lake",NA,NA,NA,1861
10060,"Lago Huala Hué",NA,NA,NA,838
10061,"Lake Emma",NA,NA,NA,3736
10063,"Laguna Padre Laguna",NA,NA,NA,878
10105,"Laguna Pompal",NA,NA,NA,740
10107,"Lost Park",NA,NA,NA,3080
10123,"Eagle Lake",NA,NA,NA,1814
10130,"Laguna de Pacucha",NA,NA,NA,3090
10131,"Laguna El Junco",NA,NA,NA,656
10145,"Cassiope Pond",NA,NA,NA,530
10150,"Winton Bay Lake",NA,NA,NA,8
10151,"Tiny Lake",NA,NA,NA,-3
10153,"Pyrola Lake",NA,NA,NA,508
10158,"Devlins Park",NA,NA,NA,2952
10170,"Brother-of-Fog Lake",NA,NA,NA,346
10171,"Berendon Fen",NA,NA,NA,776
10174,"Mahoney Lake",NA,NA,NA,468
10178,"Bear Meadows Bog",NA,NA,NA,553
10183,"Skinny Lake",NA,NA,NA,920
10186,"Balsam Lake",NA,NA,NA,759
10190,"South Lake",NA,NA,NA,649
10191,"Stewart Bog",NA,NA,NA,3112
10192,"Spillway Pond",NA,NA,NA,844
10194,"Laguna de Chochos",NA,NA,NA,3205
10204,"Flycatcher Basin",NA,NA,NA,903
10206,"Fog Lake",NA,NA,NA,411
10213,"Nichols Meadow",NA,NA,NA,1523
10216,"Rasberry Bog",NA,NA,NA,795
10217,"Richter Marsh",NA,NA,NA,431
10218,"Pyramid Lake",NA,NA,NA,1439
10220,"Twin Lake",NA,NA,NA,788
10243,"Hual Cu Cuish Meadow",NA,NA,NA,1438
10248,"Little Green Valley Meadow",NA,NA,NA,2225
10249,"Makika Crater",NA,NA,NA,427
10274,"Chalmer's Bog (PL-78-37)",NA,NA,NA,1467
10277,"Van Wyck",NA,NA,NA,2051
10282,"Skunk Cabbage Meadow",NA,NA,NA,2422
10284,"Taquitz Meadow",NA,NA,NA,2406
10297,"Hosoike Moor",NA,NA,NA,561
10302,"Arrepentimientos",NA,NA,NA,2434
10309,"Bluff Lake",NA,NA,NA,1926
10310,"Ikenokochi Moor",NA,NA,NA,297
10314,"Yamakado Moor",NA,NA,NA,249
10315,"Kurikigahara",NA,NA,NA,1264
10318,"Makura Moor",NA,NA,NA,677
10319,"Buckbean Bog",NA,NA,NA,1806
10322,"Oregon Jack Creek (#1)",NA,NA,NA,1415
10323,"Oregon Jack Creek",NA,NA,NA,1415
10324,"Ohnuma Moor",NA,NA,NA,648
10325,"Bunker Lake",NA,NA,NA,1995
10327,"Orochigahara",NA,NA,NA,1151
10332,"Catlow Rim",NA,NA,NA,1583
10335,"Ubuka Basin",NA,NA,NA,389
10336,"Uryu-Numa Moor",NA,NA,NA,835
10338,"Yabitsuyachi",NA,NA,NA,1053
10340,"Crater Lake",NA,NA,NA,2086
10341,"Dead Horse Lake",NA,NA,NA,2248
10343,"Donard Lake",NA,NA,NA,421
10344,"Yachidaira Moor",NA,NA,NA,1500
10349,"Grassy Lake",NA,NA,NA,1923
10355,"Lake Jake",NA,NA,NA,243
10361,"Lily Lake",NA,NA,NA,2044
10363,"Lilypad Lake",NA,NA,NA,1986
10364,"Lost Lake",NA,NA,NA,452
10368,"McMurray Lake",NA,NA,NA,1779
10370,"Moraine Bog",NA,NA,NA,810
10385,"Nutella Lake",NA,NA,NA,802
10386,"Swampbuggy Lake",NA,NA,NA,783
10399,"Sheep Mountain Bog",NA,NA,NA,1923
10407,"Testalinden Lake",NA,NA,NA,1802
10411,"Tumalo Lake",NA,NA,NA,1544
10417,"Wildhorse Lake",NA,NA,NA,2569
10421,"Woods Lake",NA,NA,NA,9
10442,"Laguna Chorreras",NA,NA,NA,3664
10449,"Stoneman Lake",NA,NA,NA,2048
10455,"Ongivinuk Lake",NA,NA,NA,174
10461,"Pigeon Marsh",NA,NA,NA,631
10464,"Clear Lake",NA,NA,NA,405
10473,"Little Willow Lake",NA,NA,NA,1837
10476,"Cedar Lake",NA,NA,NA,1743
10478,"CA-HUM-558 (Pilot Ridge)",NA,NA,NA,1308
10480,"Preston Lake",NA,NA,NA,266
10482,"Tule Lake",NA,NA,NA,1342
10490,"Ladies View",NA,NA,NA,256
10492,"Lough Inchiquin",NA,NA,NA,15
10495,"Juan Perez Sound",NA,NA,NA,-37
10507,"Mission Cross Bog",NA,NA,NA,2420
10509,"Awl Site midden",NA,NA,NA,1017
10512,"No Name East midden",NA,NA,NA,1207
10513,"No Name West midden",NA,NA,NA,1207
10525,"Glaisín na Marbh",NA,NA,NA,138
10527,"Laguna Negra",NA,NA,NA,1752
10528,"Laguna Mesagosa",NA,NA,NA,1618
10531,"Black Mountain Lake",NA,NA,NA,3408
10532,"Sky Pond",NA,NA,NA,3319
11560,"Lake Cleveland",NA,NA,NA,2520
11577,"Glendalough Valley",NA,NA,NA,159
11578,"Borheen Lough",NA,NA,NA,470
11581,"Cuckoo",NA,NA,NA,43
11582,"Diheen",NA,NA,NA,620
11585,"Windmill Lake",NA,NA,NA,626
11587,"Circle Lake",NA,NA,NA,409
11590,"Grizzly Lake",NA,NA,NA,727
11591,"Panthertown Creek Bog",NA,NA,NA,1116
11592,"Laguna Pallcacocha",NA,NA,NA,4041
11594,"Paso Garibaldi",NA,NA,NA,310
11603,"Wiener Lake",NA,NA,NA,583
11605,"Fishblue (Blue) Lake",NA,NA,NA,362
11609,"Little Swift Lake",NA,NA,NA,572
11617,"Cumbres Bog",NA,NA,NA,3055
11643,"McCall Glacier",NA,NA,NA,2316
11752,"Runway Ruin",NA,NA,NA,1043
11753,"Monitor",NA,NA,NA,1043
11754,"Columbus",NA,NA,NA,1043
11756,"Multigrade",NA,NA,NA,1043
11757,"Tinhorn Wash",NA,NA,NA,1043
11778,"East Ruin",NA,NA,NA,1043
11783,"Refugia Ruin",NA,NA,NA,1043
11799,"Cordón Serrucho Norte wetland",NA,NA,NA,919
11877,"Lake Consuelo",NA,NA,NA,1392
11924,"Blue Lakes",NA,NA,NA,2434
11925,"NEL03",NA,NA,NA,2063
11934,"Pyatts Lake",NA,NA,NA,1080
13042,"Panther Potholes",NA,NA,NA,1033
13289,"Laguna del Maule",NA,NA,NA,2179
13335,"Styggtjärnen",NA,NA,NA,711
13375,"Cooley Lake",NA,NA,NA,1524
13376,"Gerry Lake",NA,NA,NA,911
13377,"Crocker Lake",NA,NA,NA,54
13383,"Lake Flåfattjønna",NA,NA,NA,1128
13386,"Älbi Flue",NA,NA,NA,1829
13388,"Dalmutladdo",NA,NA,NA,569
13389,"Barheivatn",NA,NA,NA,311
13390,"Trettetjørn",NA,NA,NA,781
13391,"Brurskardtjørni",NA,NA,NA,1398
13392,"Vestre Øykjamyrtjørn",NA,NA,NA,528
13475,"Vaifanaura’amo’ora",NA,NA,NA,610
13477,"Dragonfly Lake",NA,NA,NA,752
13479,"Haircut Lake",NA,NA,NA,859
13486,"Hunters Lake",NA,NA,NA,3468
13487,"Dailey Lake",NA,NA,NA,1599
13488,"Fish Lake",NA,NA,NA,541
13575,"Ogaromtoc Lake",NA,NA,NA,598
13625,"Eleanor Lake",NA,NA,NA,670
13627,"Plan B Pond",NA,NA,NA,1624
13628,"Bison Lake",NA,NA,NA,3277
13644,"Upper Fly Lake",NA,NA,NA,1309
13658,"Patterson Lake",NA,NA,NA,2750
13671,"Bolan Lake",NA,NA,NA,1639
13680,"Chihuahueños Bog",NA,NA,NA,2932
13683,"Purple Lake",NA,NA,NA,3220
13695,"Star Meadows",NA,NA,NA,1126
13714,"East Glacier Lake",NA,NA,NA,3290
13879,"Mica Lake",NA,NA,NA,99
13910,"Petit lac Bouchard",NA,NA,NA,157
13920,"Newark Valley Pond",NA,NA,NA,1787
13922,"Kingston Meadow",NA,NA,NA,2276
13923,"Upper Squaw Lake",NA,NA,NA,939
13981,"Lake Refugio 1",NA,NA,NA,3374
13982,"Lake Refugio 2",NA,NA,NA,3455
13986,"Lake Refugio 3",NA,NA,NA,3380
13987,"Laguna La Guitarra",NA,NA,NA,3427
13988,"Cuchilla La Rabona",NA,NA,NA,3855
13989,"Laguna de los Bobos",NA,NA,NA,3860
14003,"Laguna De La Cocha",NA,NA,NA,2780
14028,"Ciénaga del Visitador",NA,NA,NA,3257
14029,"Laguna Ciega",NA,NA,NA,3485
14049,"Sunwapta Pass Bog 2",NA,NA,NA,2038
14050,"Andabobos",NA,NA,NA,3760
14052,"Laguna Negra de Alsacia",NA,NA,NA,3167
14053,"Laguna Gobernador",NA,NA,NA,3822
14055,"Sunwapta Pass Bog 6",NA,NA,NA,2001
14056,"Sunwapta Pass Bog 1",NA,NA,NA,2035
14059,"Valle de Lagunillas V",NA,NA,NA,3907
14060,"Valle de Lagunillas VIII",NA,NA,NA,3902
14061,"Valle de Lagunillas VII",NA,NA,NA,3907
14062,"Valle de la Bocatoma XI",NA,NA,NA,3995
14063,"Valle de la Bocatoma IX",NA,NA,NA,4112
14064,"Valle de la Bocatoma X",NA,NA,NA,4272
14079,"Laguna La Primavera",NA,NA,NA,3541
14082,"Páramo de Peña Negra 1",NA,NA,NA,3562
14086,"Páramo de Laguna Verde",NA,NA,NA,3635
14101,"Páramo de Agua Blanca",NA,NA,NA,3076
14144,"Rosarito",NA,NA,NA,3431
14148,"Rosarito Grande",NA,NA,NA,3306
14154,"Llano Grande Mire",NA,NA,NA,3430
14267,"Didachara",NA,NA,NA,1995
14273,"Hůrecká slať",NA,NA,NA,865
14282,"Černohorské rašeliniště",NA,NA,NA,1181
14286,"Popradské pleso",NA,NA,NA,1496
14287,"The Bowl",NA,NA,NA,123
14289,"Štrbské pleso",NA,NA,NA,1345
14290,"Hawley Bog",NA,NA,NA,542
14293,"Upper Susitna River Valley",NA,NA,NA,835
14294,"Chitina",NA,NA,NA,165
14299,"Ahtell Creek",NA,NA,NA,1270
14308,"Doolittle Ranch Meadow",NA,NA,NA,2975
14310,"Echo Lake",NA,NA,NA,3231
14314,"Breitenbush Lake",NA,NA,NA,1695
14459,"Cucú cueva",NA,NA,NA,1607
14468,"Zlatnická Dolina",NA,NA,NA,1208
14473,"Lai Nair Schuls-Tarasp",NA,NA,NA,1537
14474,"Rifugio Mondovi",NA,NA,NA,1758
14476,"Jančík",NA,NA,NA,787
14479,"Peña Parda",NA,NA,NA,966
14480,"Torbiera del Biecai",NA,NA,NA,1968
14481,"Kubriková",NA,NA,NA,713
14482,"Las Pardillas Lake",NA,NA,NA,1859
14484,"Pico del Sertal",NA,NA,NA,922
14485,"Laghi dell'Orgials",NA,NA,NA,2398
14489,"Hängstli",NA,NA,NA,1248
14491,"Montes do Buio Cuadramón",NA,NA,NA,740
14495,"Rotmoos-Eriz",NA,NA,NA,1186
14498,"Loch Cleat",NA,NA,NA,144
14499,"Loch Clair",NA,NA,NA,38
14501,"Labradillos mire",NA,NA,NA,1451
14503,"Velký Máj",NA,NA,NA,1369
14504,"Schöpfenwaldmoor",NA,NA,NA,1446
14507,"Cinuskel",NA,NA,NA,1618
14509,"Macun Val Zeznina ob Zernez",NA,NA,NA,2635
14512,"Lanzahíta",NA,NA,NA,603
14513,"Lac de Villa",NA,NA,NA,821
14514,"Il Fuorn",NA,NA,NA,1796
14515,"Juf Plan",NA,NA,NA,2212
14517,"San Esteban del valle",NA,NA,NA,1819
14520,"Loch Einich",NA,NA,NA,829
14521,"Umbrail",NA,NA,NA,2486
14524,"Plešné jezero",NA,NA,NA,1096
14528,"Palü Lunga ob Ramosch",NA,NA,NA,1899
14530,"Peat-bog Begbunar",NA,NA,NA,1563
14532,"Fersina",NA,NA,NA,190
14533,"Gamperfin",NA,NA,NA,1312
14535,"Fiavè",NA,NA,NA,645
14536,"Lago di Ganna",NA,NA,NA,442
14537,"Lake Lugano",NA,NA,NA,318
14538,"Alpi di Robièi Val Bavona Bodenprofil",NA,NA,NA,1935
14539,"Lago delle Fate",NA,NA,NA,2245
14540,"Alpi di Robièi Val Bavona",NA,NA,NA,1928
14542,"Breitnau-Neuhof",NA,NA,NA,1005
14543,"Grünsee Reschenscheideck",NA,NA,NA,1830
14544,"Gondo Alpjen",NA,NA,NA,1685
14545,"Simplon/Gampisch-Alter Spittel",NA,NA,NA,1869
14546,"Lac du Verney",NA,NA,NA,2096
14548,"Lago Pratignano",NA,NA,NA,1314
14549,"Les Palanques",NA,NA,NA,450
14550,"Alp Lüsga Belalp 1",NA,NA,NA,1668
14551,"Lac du Verney-Dessus",NA,NA,NA,2274
14552,"Mohos",NA,NA,NA,1052
14560,"Preluca Tiganului",NA,NA,NA,871
14562,"Mont Carré Hérémence",NA,NA,NA,2297
14569,"Pillon Gsteig-Diablerets",NA,NA,NA,1686
14581,"Lac de Bretaye",NA,NA,NA,1775
14583,"Leysin Les Léchières",NA,NA,NA,1263
14585,"Lac d'Aï",NA,NA,NA,1884
14586,"Schwarzsee",NA,NA,NA,1035
14587,"Saanenmöser",NA,NA,NA,1277
14588,"Süfternen-Grönegg",NA,NA,NA,1423
14589,"Untere Bunschleren Boltigen",NA,NA,NA,1682
14590,"Obergestelen Zweisimmen",NA,NA,NA,1815
14592,"Pian di Verra superiore",NA,NA,NA,2602
14593,"Torveraz",NA,NA,NA,2406
14594,"Lac de Lod",NA,NA,NA,1455
14595,"Tourbière de Loditor",NA,NA,NA,1462
14596,"Tourbière de Santa Anna",NA,NA,NA,2527
14597,"Tourbière Lo Cret",NA,NA,NA,3690
14598,"Tourbière de Pilaz",NA,NA,NA,1733
14599,"Lac de Champlong",NA,NA,NA,2352
14600,"Tourbière de Champlong",NA,NA,NA,2314
14603,"Kumata",NA,NA,NA,1759
14604,"Steregoiu",NA,NA,NA,937
14605,"Semenic",NA,NA,NA,1399
14610,"Bondone",NA,NA,NA,1557
14611,"Brockenkuppe",NA,NA,NA,1011
14612,"Trepalle Livigno",NA,NA,NA,2016
14616,"Märchenwald",NA,NA,NA,774
14621,"Seelohe",NA,NA,NA,760
14635,"Tlstá hora",NA,NA,NA,463
14638,"Sägistalsee",NA,NA,NA,1947
14648,"Feld Alp Holzmatten",NA,NA,NA,2154
14649,"Bachalpsee",NA,NA,NA,2267
14650,"Hagelseeli",NA,NA,NA,2383
14652,"Hinterburgseeli",NA,NA,NA,1525
14659,"Lake Sedmo Rilsko",NA,NA,NA,2099
14672,"Mire Gyola",NA,NA,NA,683
14673,"Tchumina peat bog",NA,NA,NA,1121
15678,"Lake Blatisto",NA,NA,NA,1518
15682,"Wolfslohe",NA,NA,NA,823
15685,"Trogenmoos",NA,NA,NA,1473
15686,"Oberaar",NA,NA,NA,2387
15689,"Rinderplatz",NA,NA,NA,1768
15690,"Dura-Moor",NA,NA,NA,2058
15691,"Schwarzsee",NA,NA,NA,2036
15693,"Malschötscher Hotter",NA,NA,NA,2055
15696,"Ledrosee",NA,NA,NA,645
15698,"Dossaccio Bormio",NA,NA,NA,1692
15700,"Jelení louže",NA,NA,NA,430
15701,"Sommersüss",NA,NA,NA,880
15702,"Lago Grande di Avigliana",NA,NA,NA,370
15705,"Královec",NA,NA,NA,582
15706,"Horní Lomná",NA,NA,NA,617
15710,"Velký Děd",NA,NA,NA,1395
15713,"Kunštátská kaple",NA,NA,NA,1025
15715,"Kugelstattmoos",NA,NA,NA,863
15723,"Hynčice",NA,NA,NA,450
15724,"Heřmánkovice",NA,NA,NA,520
15727,"Broumovské stěny",NA,NA,NA,683
15730,"Rýchory",NA,NA,NA,953
15731,"Stříbrná bystřina",NA,NA,NA,1403
15732,"Úpské rašeliniště",NA,NA,NA,1420
15736,"Abant Gölü",NA,NA,NA,1385
15743,"Monte San Giorgio",NA,NA,NA,962
15745,"Labský důl",NA,NA,NA,1028
15747,"Süftenenegg",NA,NA,NA,1545
15748,"Hopschensee",NA,NA,NA,2027
15749,"Mittlere Hellelen",NA,NA,NA,1525
15750,"Dar Fatma",NA,NA,NA,774
15751,"Beni M'tir",NA,NA,NA,628
15752,"Beni M'tir",NA,NA,NA,628
15753,"Schwarzsee VS",NA,NA,NA,2567
15754,"Riffelsee",NA,NA,NA,2765
15755,"Grindjisee",NA,NA,NA,2341
15756,"Kef Eddbaâ",NA,NA,NA,985
15757,"Djebel El Ghorra",NA,NA,NA,1163
15758,"Ouinet Ennessours",NA,NA,NA,1135
15759,"Abiare",NA,NA,NA,186
15761,"Majen El Orbi",NA,NA,NA,211
15762,"Majen El Orbi",NA,NA,NA,132
15763,"Pančavská louka",NA,NA,NA,1326
15783,"Creux de Croue",NA,NA,NA,1352
15803,"Chutti Boltigen",NA,NA,NA,972
15804,"Kakitu Mountain",NA,NA,NA,4706
15805,"Greicheralp Riederalp",NA,NA,NA,1935
15806,"Aletschwald",NA,NA,NA,2013
15807,"Eggen ob Blatten",NA,NA,NA,1656
15808,"Bodmen Alp Bel",NA,NA,NA,1961
15809,"Grächen See",NA,NA,NA,1723
15810,"Bitsch-Naters",NA,NA,NA,1074
15811,"Majen Ben H'mida",NA,NA,NA,247
15812,"Elatia-Rhodopes",NA,NA,NA,1527
15813,"Lailias",NA,NA,NA,1590
15821,"Beles Mountains",NA,NA,NA,1413
15822,"Mount Paiko",NA,NA,NA,1029
15823,"Mount Voras",NA,NA,NA,1556
15824,"Flambouro-Pieria mountains",NA,NA,NA,1728
15825,"Lake Racou",NA,NA,NA,2002
15830,"Pertouli",NA,NA,NA,1362
15834,"Plateau d'Ovace",NA,NA,NA,1237
15835,"Prat-de-Bouc",NA,NA,NA,1380
15846,"Asi Gonia",NA,NA,NA,769
15848,"Pozzine des bergeries de Vaccaja",NA,NA,NA,1570
15850,"Pailherols",NA,NA,NA,1023
15851,"Limagne",NA,NA,NA,1071
15856,"Plagnes",NA,NA,NA,1254
15858,"Faltre",NA,NA,NA,1191
15868,"Graspet",NA,NA,NA,1261
15872,"Pontajou",NA,NA,NA,1353
15874,"Etang de Cheylade",NA,NA,NA,1072
15877,"Chazeloux",NA,NA,NA,892
15879,"Lac du Saillant",NA,NA,NA,1250
15880,"Les Laubies",NA,NA,NA,1315
15881,"Lozeret",NA,NA,NA,1401
15882,"Les Camargues",NA,NA,NA,1329
15883,"Sources du Tarn",NA,NA,NA,1539
15884,"Finiels",NA,NA,NA,1466
15887,"La Salverguette",NA,NA,NA,1053
15888,"La Planésie",NA,NA,NA,973
15889,"Font Salesse",NA,NA,NA,1047
15890,"Baïssescure",NA,NA,NA,959
15891,"Neyrac",NA,NA,NA,1251
15892,"Le Cros",NA,NA,NA,1337
15893,"Tourbière du Peschio",NA,NA,NA,1386
15894,"Tourbière des Narses Mortes",NA,NA,NA,1228
15895,"Lastioulles",NA,NA,NA,759
15896,"Le Jolan",NA,NA,NA,1239
16120,"Port des Lamberts",NA,NA,NA,704
16130,"Duingt",NA,NA,NA,448
16139,"Tourbière de Narbief",NA,NA,NA,921
16142,"Lac de Chaillexon",NA,NA,NA,746
16143,"Lac Cerin",NA,NA,NA,755
16146,"Tourbières des Granges des Chavants",NA,NA,NA,1232
16147,"Lake of Sewen",NA,NA,NA,488
16149,"Marinet",NA,NA,NA,2546
16165,"Caune de l'Arago",NA,NA,NA,235
16166,"Fangeas",NA,NA,NA,1984
16168,"Lac des Boites",NA,NA,NA,1573
16176,"Tourbière d'Arinthod",NA,NA,NA,420
16179,"Tourbière Saint-Etienne de Tinet",NA,NA,NA,2172
16187,"Bernasso",NA,NA,NA,493
16189,"Nogaret maar",NA,NA,NA,656
16260,"Le Teppier",NA,NA,NA,2126
16262,"Sous-Solaret",NA,NA,NA,1591
16263,"col du Petit Saint Bernard",NA,NA,NA,2156
16267,"Peyre peat-bog",NA,NA,NA,1096
16277,"Tourbière de Roussy",NA,NA,NA,1073
16296,"Tourbière de Chirens",NA,NA,NA,450
16297,"Marais de Charauze",NA,NA,NA,371
16298,"Lac du Lauzon",NA,NA,NA,2004
16302,"La Grande Basse",NA,NA,NA,926
16304,"Col Luitel",NA,NA,NA,1257
16309,"Lac de Pavin",NA,NA,NA,1199
16314,"Sources de l'Yonne",NA,NA,NA,742
16320,"Le Grand Montarnu",NA,NA,NA,766
16347,"Quart du Bois",NA,NA,NA,393
16372,"Tourbière de la Peyroutarié",NA,NA,NA,1131
16373,"Tourbière des Nassettes",NA,NA,NA,1365
16374,"Tourbière de la Lande",NA,NA,NA,161
16375,"Tourbière de Gatimort",NA,NA,NA,1021
16376,"Tourbière de Mont Sec",NA,NA,NA,1121
16377,"Tourbière de Raux",NA,NA,NA,1764
16378,"Lac de Praver",NA,NA,NA,1195
16379,"Lac Miroir",NA,NA,NA,2177
16395,"Lake Vera",NA,NA,NA,559
16472,"Grünau Moor",NA,NA,NA,1853
16473,"Moor Alpenrose",NA,NA,NA,1885
16474,"Buntes Moor",NA,NA,NA,2298
16475,"Franz Senn-Hütte",NA,NA,NA,2183
16476,"Waxeckalm",NA,NA,NA,1881
16477,"Hasenmoos",NA,NA,NA,765
16478,"Giering",NA,NA,NA,822
16480,"Wasenmoos",NA,NA,NA,1201
16515,"Gerlos",NA,NA,NA,1586
16516,"Krotenweiher",NA,NA,NA,1210
16517,"Wildmoos",NA,NA,NA,1435
16518,"Pillermoos Untergurgl",NA,NA,NA,1946
16519,"Rotmoos Obergurgl",NA,NA,NA,2278
16616,"Dortmunder Hütte",NA,NA,NA,1894
16617,"Atemlöchermoos",NA,NA,NA,1815
16651,"Lutzenberg",NA,NA,NA,808
16653,"Miesberg",NA,NA,NA,661
16654,"Fuschlsee",NA,NA,NA,670
16655,"Gradenmoos",NA,NA,NA,1909
16656,"Egelsee",NA,NA,NA,546
16657,"Katzenloch",NA,NA,NA,1208
16658,"Mieminger See",NA,NA,NA,789
16659,"Seefelder See",NA,NA,NA,1171
16660,"Kirchbichl",NA,NA,NA,541
16661,"Lake Mondsee",NA,NA,NA,506
16662,"Tauernmoos",NA,NA,NA,2149
16663,"Schwarzsee Reschenscheideck",NA,NA,NA,1721
16669,"Moor am Rofenberg",NA,NA,NA,2770
16670,"Schönwies",NA,NA,NA,2254
16671,"Lanser Moor",NA,NA,NA,842
16672,"Lindenmoos",NA,NA,NA,636
16673,"Zotensenk",NA,NA,NA,554
16674,"Schwemm",NA,NA,NA,650
16675,"Lac Superieur de Fully",NA,NA,NA,2124
16742,"Le Loclat",NA,NA,NA,426
17506,"Praz Rodet",NA,NA,NA,1035
17917,"Kanas Lake",NA,NA,NA,2010
18834,"Etang de Luissel Bex",NA,NA,NA,535
18866,"Paddy's Lake",NA,NA,NA,1062
19924,"Dove Lake",NA,NA,NA,923
23402,"Lac du Mont d'Orge Sion",NA,NA,NA,647
23441,"Mont Roux",NA,NA,NA,1242
23443,"Motta Naluns",NA,NA,NA,2211
23446,"Dos le Cras",NA,NA,NA,926
23497,"Alp Lüsga Belalp 2",NA,NA,NA,2306
23516,"Seebergsee",NA,NA,NA,1830
23518,"Xirès Montana",NA,NA,NA,1462
23519,"Wallbach Lenk",NA,NA,NA,1889
23520,"Etang d'y Cor Montana",NA,NA,NA,1505
23521,"Schwendital",NA,NA,NA,1249
23625,"Guilder Pond",NA,NA,NA,622
23662,"Bambili 1",NA,NA,NA,2257
23664,"Bambili 2",NA,NA,NA,2305
23715,"Glenmire",NA,NA,NA,165
23716,"Henrys Fork (lower exposure)",NA,NA,NA,3298
23717,"Henrys Fork (upper exposure)",NA,NA,NA,3527
23758,"Cocha Caranga Forest",NA,NA,NA,2604
23759,"Estación Científica San Francisco Cerro de Consuelo",NA,NA,NA,3048
23760,"Estación Científica San Francisco T2/250",NA,NA,NA,2167
23763,"Gem Lake",NA,NA,NA,3098
23765,"Summit Lake",NA,NA,NA,3146
23770,"Seven Lakes",NA,NA,NA,3273
23771,"Gold Creek Lake",NA,NA,NA,2914
23772,"Hidden Lake",NA,NA,NA,2700
23775,"Hinman Lake",NA,NA,NA,2497
23778,"Goat Lake",NA,NA,NA,533
23803,"Round Loch of Glenhead",NA,NA,NA,291
23806,"Lake Tianchi",NA,NA,NA,2588
23816,"Tigalmamine",NA,NA,NA,1653
23817,"Ifri Oudadane",NA,NA,NA,17
23872,"Samerberg",NA,NA,NA,599
23873,"Balladrum",NA,NA,NA,391
23885,"Llyn Gwernan",NA,NA,NA,173
23896,"Lauenensee",NA,NA,NA,1376
23901,"Lago di Origlio",NA,NA,NA,418
23914,"Emines",NA,NA,NA,2296
23930,"Hermit Lake",NA,NA,NA,3450
23931,"Badda bog",NA,NA,NA,3713
23932,"BC2",NA,NA,NA,1343
23934,"Iffigsee",NA,NA,NA,2081
23937,"Danka Valley Bog",NA,NA,NA,3817
23940,"Sunset Lake",NA,NA,NA,2059
23941,"Egelsee (Menzingen)",NA,NA,NA,765
23942,"Dead Spruce Lake",NA,NA,NA,1407
23943,"Emerald Lake",NA,NA,NA,3047
23946,"Mahoma Lake",NA,NA,NA,2967
23947,"Kitandara Lake",NA,NA,NA,3964
23948,"Puerto de Casillas",NA,NA,NA,1194
23949,"Bujuku Lake",NA,NA,NA,3892
23950,"Craigrossie",NA,NA,NA,1732
23951,"Elim Swamp",NA,NA,NA,1875
23952,"Lago del Greppo",NA,NA,NA,1452
23953,"Pavullo nel Frignano",NA,NA,NA,673
23956,"Bad Urach",NA,NA,NA,480
23958,"La Molina mire",NA,NA,NA,670
23962,"Sonnenberger Moor",NA,NA,NA,783
23963,"El Pirulejo",NA,NA,NA,657
23964,"Patateros bog",NA,NA,NA,707
23968,"Valdeyernos bog",NA,NA,NA,893
23969,"El Payo",NA,NA,NA,982
23970,"Turbera de La Panera Cabras",NA,NA,NA,1639
24032,"Peña Negra",NA,NA,NA,1257
24033,"Gouillé Rion",NA,NA,NA,2362
24034,"Lago di Venere",NA,NA,NA,6
24036,"Puerto de Serranillos",NA,NA,NA,1613
24037,"PRD-4",NA,NA,NA,231
24039,"Culazón",NA,NA,NA,611
24040,"Foy Lake",NA,NA,NA,1007
24044,"Lago di Muzzano",NA,NA,NA,338
24047,"Lej da San Murezzan (Lake Saint Moritz)",NA,NA,NA,1789
24050,"Lengi Egga",NA,NA,NA,2576
24111,"Charco da Candieira",NA,NA,NA,1458
24112,"Lagoa Comprida 2",NA,NA,NA,1639
24113,"Prazo",NA,NA,NA,555
24148,"Radauer Born",NA,NA,NA,797
24175,"Lake Almalou",NA,NA,NA,2405
24181,"Bruchbergmoor",NA,NA,NA,905
24182,"Auf dem Acker",NA,NA,NA,835
24183,"Antler Pond",NA,NA,NA,3130
24187,"Whitebark Moraine Pond",NA,NA,NA,2801
24232,"Soldier Creek Meadow",NA,NA,NA,2866
24240,"Glaswaldsee",NA,NA,NA,850
24241,"Wilder See am Ruhestein",NA,NA,NA,914
24242,"Huzenbacher See",NA,NA,NA,758
24243,"West Side Pond",NA,NA,NA,468
24246,"Wildseemoor-Kaltenbronn",NA,NA,NA,906
24247,"Herrenwieser See",NA,NA,NA,820
24382,"Twin Lakes",NA,NA,NA,1143
24783,"Lej da Champfèr",NA,NA,NA,1811
25898,"Cross Canyon",NA,NA,NA,1685
25998,"Myrvatnet",NA,NA,NA,184
26011,"Afalou Bou Rhummel",NA,NA,NA,36
26021,"Pestera Lui Climente",NA,NA,NA,178
26023,"Rezina marsh",NA,NA,NA,1750
26024,"Lake Gramousti",NA,NA,NA,388
26029,"Taul Zanogutii",NA,NA,NA,1863
26031,"Owenduff",NA,NA,NA,199
26038,"Ghitu Muntii",NA,NA,NA,1460
26039,"Iaz",NA,NA,NA,341
26050,"Arroyo de Valdeconejos",NA,NA,NA,1368
26051,"Arroyo de Navalacarreta",NA,NA,NA,1221
26052,"El Maíllo mire",NA,NA,NA,1134
26053,"Xan de Llamas",NA,NA,NA,1488
26055,"Arroyo de las Cárcavas",NA,NA,NA,1285
26057,"Ogof Draenen cave",NA,NA,NA,233
26064,"Lake Lala Mare",NA,NA,NA,1802
26077,"Laptici",NA,NA,NA,1473
26078,"Comandau",NA,NA,NA,1010
26079,"Lacul cu Muschi",NA,NA,NA,795
26080,"Lacul Negru",NA,NA,NA,828
26081,"Lacul Sfânta Ana",NA,NA,NA,939
26082,"Taul Sarat",NA,NA,NA,451
26083,"Muntii Stanisoarei",NA,NA,NA,852
26085,"Tau-Baitii",NA,NA,NA,1454
26086,"Rut",NA,NA,NA,478
26088,"Bilbor",NA,NA,NA,898
26089,"Lucina",NA,NA,NA,1047
26090,"Obcina",NA,NA,NA,950
26091,"Ciocanesti-Botos",NA,NA,NA,862
26092,"Poiana Stiol",NA,NA,NA,1531
26093,"Colacel Rosu",NA,NA,NA,802
26094,"Poiana Boilor",NA,NA,NA,1380
26096,"Tau Obcioarei",NA,NA,NA,1075
26097,"Râșca",NA,NA,NA,1012
26098,"Taul Muced",NA,NA,NA,1378
26102,"Caliman Exploatre",NA,NA,NA,1815
26103,"Rachitis",NA,NA,NA,1334
26104,"Poiana Brazilor",NA,NA,NA,979
26105,"Lezerul calimani",NA,NA,NA,1542
26106,"Cica Mica",NA,NA,NA,1614
26110,"Turba Mluha",NA,NA,NA,1236
26111,"Capatana",NA,NA,NA,1194
26113,"Vlaschinescu",NA,NA,NA,878
26114,"Virful Brazilor",NA,NA,NA,979
26115,"Colibii",NA,NA,NA,918
26117,"Vuoskkujávri",NA,NA,NA,345
26118,"Vuolep Allasasjaure",NA,NA,NA,1109
26125,"Svartvatnet",NA,NA,NA,188
26126,"Tiåvatnet",NA,NA,NA,449
26127,"Råtåsj¢en",NA,NA,NA,1162
26128,"Afstj¢rna",NA,NA,NA,985
26129,"Måsåtjørnet",NA,NA,NA,818
26167,"Litlvatnet",NA,NA,NA,90
26168,"Gammelheimenvatnet",NA,NA,NA,280
26169,"Bjørnfjelltjørn",NA,NA,NA,501
26170,"Austerkjosen",NA,NA,NA,123
26173,"Mirror Lake",NA,NA,NA,3343
26211,"Kinnshaugen",NA,NA,NA,568
26212,"Øygardstjønn",NA,NA,NA,670
26213,"Lisletjønn",NA,NA,NA,511
26214,"Flotatjønn",NA,NA,NA,884
26215,"Lille Kjelavatn",NA,NA,NA,980
26216,"Holebudalen",NA,NA,NA,1140
26221,"Isbenttjønn",NA,NA,NA,781
26557,"Anthony Lake",NA,NA,NA,2175
26558,"Twin Lakes",NA,NA,NA,1261
26586,"McAbee Fossil Beds",NA,NA,NA,596
26587,"McAbee Fossil Beds",NA,NA,NA,597
26590,"McAbee Fossil Beds",NA,NA,NA,603
26591,"McAbee Fossil Beds",NA,NA,NA,597
26592,"McAbee Fossil Beds",NA,NA,NA,598
26595,"La Chonta Bog",NA,NA,NA,2292
26632,"Baldwin Lake",NA,NA,NA,2044
26633,"Falkland Site",NA,NA,NA,1366
26634,"Little Windy Hill Pond",NA,NA,NA,2980
26638,"Begbie Lake",NA,NA,NA,227
26641,"Lower Paintrock Lake",NA,NA,NA,2797
26642,"Pfafforetsee",NA,NA,NA,560
26643,"Lago del Segrino",NA,NA,NA,375
26644,"Rainbow Lake",NA,NA,NA,2962
26651,"Hummingbird Lake",NA,NA,NA,37
26662,"Deva-Deva",NA,NA,NA,2419
26663,"Kitumbako",NA,NA,NA,2397
26664,"Oblong Tarn, Mt Kenya, Kenya",NA,NA,NA,4353
26667,"RUMUIKU",NA,NA,NA,1426
26670,"Mt Shengena",NA,NA,NA,1923
26677,"Lake Tritrivakely",NA,NA,NA,1749
26678,"Beauty Lake",NA,NA,NA,2878
26736,"Haystack Mountain",NA,NA,NA,1154
26737,"Driehoek Vlei",NA,NA,NA,888
26738,"Hospital Flat Meadow",NA,NA,NA,2750
26739,"Sneeuberg Vlei",NA,NA,NA,1194
26899,"Laguna Rabadilla de Vaca",NA,NA,NA,3275
26900,"Estación Científica San Francisco Refugio",NA,NA,NA,2007
26901,"Serra do Tepequém",NA,NA,NA,617
26903,"Laguna Cocha Caranga",NA,NA,NA,2604
26905,"Fuldera-Palü Lunga",NA,NA,NA,1811
26910,"Mauntschas",NA,NA,NA,2964
26923,"Creede",NA,NA,NA,2723
26932,"Creede",NA,NA,NA,2641
26933,"Creede",NA,NA,NA,2674
26934,"Creede",NA,NA,NA,2762
26981,"Platoro",NA,NA,NA,3246
26982,"Pitch Pinnacle",NA,NA,NA,3203
26985,"Laguna Zurita",NA,NA,NA,2538
26987,"EL Tiro-Pass",NA,NA,NA,2776
26988,"Vinillos",NA,NA,NA,2056
26991,"Prášilské jezero",NA,NA,NA,1086
27012,"Gorgo Pollicino",NA,NA,NA,1285
27013,"Marcato Cixé",NA,NA,NA,1177
27014,"Gorgo Lungo",NA,NA,NA,900
27016,"Gorgo Tondo",NA,NA,NA,851
27017,"Urgo Pietra Giordano",NA,NA,NA,1334
27018,"Urio Quattrocchi",NA,NA,NA,1041
27025,"Gouillé Loéré",NA,NA,NA,2515
27026,"Palughetto",NA,NA,NA,1035
27028,"Chickaree Lake",NA,NA,NA,2837
27029,"Pearson's Pond",NA,NA,NA,376
27070,"Karakol",NA,NA,NA,2361
27071,"Lake Huila",NA,NA,NA,2590
27072,"Kichikol",NA,NA,NA,2532
27073,"Bakaly",NA,NA,NA,1881
27074,"Nizhnee",NA,NA,NA,1377
27081,"Verkhnee",NA,NA,NA,1437
27082,"Ak Terek",NA,NA,NA,1747
27083,"Ortok",NA,NA,NA,1725
27193,"Choquette Lake",NA,NA,NA,501
27205,"Wawona Meadow",NA,NA,NA,1247
27211,"Cerro Toledo",NA,NA,NA,3106
27214,"Mallin Casanova",NA,NA,NA,115
27220,"Cerro Toledo",NA,NA,NA,3106
27222,"Lac des Grenouilles",NA,NA,NA,1999
27223,"Rabadilla de Vaca mire",NA,NA,NA,3182
27225,"Wainisavulevu Creek",NA,NA,NA,927
27228,"Nadrau Swamp",NA,NA,NA,764
27229,"Lake Hordorli",NA,NA,NA,783
27237,"Cenote Kail",NA,NA,NA,1527
27238,"Lagunas Natosas Bosque",NA,NA,NA,3476
27239,"Valle Pequeño",NA,NA,NA,2808
27240,"Lake Kumpaka",NA,NA,NA,336
27246,"Cocha Caranga Mire",NA,NA,NA,2685
27250,"Laguna Portezuelo",NA,NA,NA,1716
27254,"La Calderilla",NA,NA,NA,1767
27257,"Llaviucu",NA,NA,NA,3180
27260,"Sharp Hollow",NA,NA,NA,2302
27298,"Cajanuma valley",NA,NA,NA,3221
27299,"BB01",NA,NA,NA,2487
27300,"BB02",NA,NA,NA,2487
27304,"MCA4",NA,NA,NA,2491
27312,"Cova Galinha caldera",NA,NA,NA,790
27316,"Etang Fer-de-Lance",NA,NA,NA,287
27333,"Holey Meadow",NA,NA,NA,1927
27334,"Cristol Lake",NA,NA,NA,2236
27335,"Correo",NA,NA,NA,1090
27336,"Fish Lake",NA,NA,NA,2697
27338,"Lac du Mont de Belier",NA,NA,NA,907
27340,"Trout Meadow",NA,NA,NA,1893
27342,"Le Suc",NA,NA,NA,1199
27343,"Peuil Peat Bog",NA,NA,NA,968
27344,"Plaine Alpe",NA,NA,NA,2240
27345,"Pré Rond",NA,NA,NA,1696
27354,"Sierra de Baza",NA,NA,NA,1881
27355,"Sierra de Baza",NA,NA,NA,1881
27356,"Botija bog",NA,NA,NA,748
27357,"Windy Lake",NA,NA,NA,1826
27358,"Loch nan Eala",NA,NA,NA,98
27359,"Terrace Hollow",NA,NA,NA,74
27360,"Above Cadubh",NA,NA,NA,107
27361,"Sheepfold",NA,NA,NA,96
27362,"West Achall Mire",NA,NA,NA,96
27363,"West Achall Gorge",NA,NA,NA,95
27364,"Below Doir' a'Ghleannain",NA,NA,NA,86
27365,"Sanctuary Wood",NA,NA,NA,86
27366,"Eagle Calling",NA,NA,NA,71
27367,"Loch Salach a' Ghiubhais",NA,NA,NA,289
27368,"Loch an Fheadain",NA,NA,NA,252
27370,"Adit Track",NA,NA,NA,233
27371,"Loch an Amair",NA,NA,NA,322
27372,"Above Loch an Eang",NA,NA,NA,334
27373,"T_Junction",NA,NA,NA,236
27374,"Cattle Grid",NA,NA,NA,265
27375,"Road below Beinn a’ Mheadhoin",NA,NA,NA,228
27376,"Finnart mire",NA,NA,NA,273
27377,"No Aerial",NA,NA,NA,365
27378,"Craiganour",NA,NA,NA,375
27381,"Black4a",NA,NA,NA,348
27382,"Log Canyon",NA,NA,NA,364
27386,"Bastani",NA,NA,NA,2094
27387,"Thunder Lake",NA,NA,NA,1537
27388,"La Gourre",NA,NA,NA,988
27389,"Redmountain Lake",NA,NA,NA,1586
27400,"Siles lake",NA,NA,NA,1285
27401,"Cañada de la Cruz",NA,NA,NA,1595
27406,"El Sabinar",NA,NA,NA,1123
27407,"Sierra de Gádor",NA,NA,NA,1594
27410,"Las Lanchas",NA,NA,NA,791
27411,"Praillos de Boissier mire",NA,NA,NA,1610
27412,"Verdeospesoa mire",NA,NA,NA,1007
27413,"Royal Basin Meadow Ridge",NA,NA,NA,1772
27424,"Lake Tilla",NA,NA,NA,534
27426,"Bassa Nera",NA,NA,NA,1886
27494,"Anteojos Valley",NA,NA,NA,3966
27508,"Ndurumu Swamp",NA,NA,NA,1407
27510,"Johns Lake",NA,NA,NA,1015
27511,"Kintla Lake Bog",NA,NA,NA,1245
27512,"Black Lake",NA,NA,NA,986
27550,"Doda Pilii",NA,NA,NA,1041
27552,"Ahakagyezi Swamp",NA,NA,NA,1837
27553,"Al Jourd",NA,NA,NA,2112
27556,"Aansser peat bog",NA,NA,NA,1301
27557,"Bab El Karn",NA,NA,NA,1203
27558,"Dayet M'Had",NA,NA,NA,777
27560,"Hybkaňa",NA,NA,NA,848
27561,"Ras El Ma",NA,NA,NA,1620
27564,"Estanilles",NA,NA,NA,2271
27569,"Lago Trifoglietti",NA,NA,NA,1066
27676,"Shum Laka",NA,NA,NA,1399
27694,"Dastín",NA,NA,NA,379
27697,"Laboot Swamp",NA,NA,NA,2685
27698,"Coropuna peat bog",NA,NA,NA,4426
27757,"Lake Kimili",NA,NA,NA,4154
27813,"Muchoya Swamp",NA,NA,NA,2399
27841,"Hayla Cave",NA,NA,NA,2164
27842,"Tate Vondo",NA,NA,NA,1200
27896,"Foster Lake",NA,NA,NA,2031
27897,"Buck Lake",NA,NA,NA,2119
27898,"Buffalo Ford Pond",NA,NA,NA,1925
27899,"Middle Rainbow Lake",NA,NA,NA,1793
27900,"Big Trumpeter Lake",NA,NA,NA,1864
27901,"Big Slide Lake",NA,NA,NA,1741
27902,"Floating Island Lake",NA,NA,NA,2011
28025,"Colle Gnifetti",NA,NA,NA,4463
28032,"Katenga Swamp",NA,NA,NA,2119
28073,"Pla de l'Estany",NA,NA,NA,507
28074,"Toskaljarvi",NA,NA,NA,751
28075,"Armeña",NA,NA,NA,2221
28076,"Marboré Lake",NA,NA,NA,2580
28084,"Basa de la Mora",NA,NA,NA,1905
28085,"El Portalet",NA,NA,NA,1816
28094,"Lago Verdarolo",NA,NA,NA,1392
28099,"Matupi cave",NA,NA,NA,885
28119,"Birkat Ram",NA,NA,NA,224
28121,"Lago di Nemi",NA,NA,NA,324
28139,"Båtvika",NA,NA,NA,501
28140,"Borgsletta",NA,NA,NA,97
28141,"Hollendarhaugen",NA,NA,NA,6
28145,"Alter Rachelsee",NA,NA,NA,1059
28146,"Rachelsee",NA,NA,NA,1072
28147,"Biogradsko Forest Hollow #1",NA,NA,NA,1202
28152,"Club Lake",NA,NA,NA,1952
28154,"Nar Gölü",NA,NA,NA,1377
28156,"Garba Guracha Lake",NA,NA,NA,3990
28159,"Suppitassu Gölü",NA,NA,NA,1876
28160,"Prokosko Jezero",NA,NA,NA,1638
28174,"Toconce",NA,NA,NA,3486
28177,"Sjuhollendarbukta",NA,NA,NA,18
28179,"Stangenfilz",NA,NA,NA,1161
28182,"Schluchsee",NA,NA,NA,936
28184,"Schluchsee",NA,NA,NA,936
28191,"Pakhuis Pass",NA,NA,NA,487
28205,"Telefomin (Upper Sepik)",NA,NA,NA,1744
28210,"La Baña C",NA,NA,NA,1407
28211,"La Baña D",NA,NA,NA,1729
28212,"La Baña E",NA,NA,NA,1997
28214,"Fuglebergsletta",NA,NA,NA,2
28215,"Agardhdalen",NA,NA,NA,7
28218,"Laguna Miscanti",NA,NA,NA,4082
28220,"Tamsaa Swamp",NA,NA,NA,3032
28224,"Mubwindi swamp",NA,NA,NA,2104
28232,"Sirunki Wabag",NA,NA,NA,2567
28250,"Les Amburnex",NA,NA,NA,1377
28253,"Le Moé",NA,NA,NA,1316
28255,"Sèche de Gimel",NA,NA,NA,1327
28256,"Wengerkopf",NA,NA,NA,1684
28258,"Rosaninsee",NA,NA,NA,2208
28259,"Lej da la Tscheppa",NA,NA,NA,2632
28260,"Egelsee-Moor",NA,NA,NA,697
28265,"Lago di Alice",NA,NA,NA,584
28266,"Torbiera di Alice",NA,NA,NA,566
28267,"Faulenseemoos",NA,NA,NA,659
28268,"Laguna El Sosneado",NA,NA,NA,2095
28271,"Bosc dels Estanyons",NA,NA,NA,2174
28274,"Anderson Fen",NA,NA,NA,547
28278,"Planell de Perafita",NA,NA,NA,2032
28280,"Serra Mitjana fen",NA,NA,NA,2407
28283,"Bödmerenwald",NA,NA,NA,1557
28288,"Lake Diamond",NA,NA,NA,6
28292,"Koitoboss Bog",NA,NA,NA,3896
28296,"Dega Sala swamp",NA,NA,NA,3303
28299,"Base Section",NA,NA,NA,1809
28300,"Eksteenfontein",NA,NA,NA,695
28309,"Mubwindi swamp II",NA,NA,NA,2157
28315,"Voordrag",NA,NA,NA,944
28317,"Lake Selina",NA,NA,NA,514
28318,"Anouwe 2",NA,NA,NA,103
28326,"Sacred Lake",NA,NA,NA,2335
28333,"La Grande Tsa",NA,NA,NA,1536
28334,"Maloja Riegel",NA,NA,NA,2083
28344,"Crescent Island Crater Lake",NA,NA,NA,1554
28349,"Kamiranzovu swamp",NA,NA,NA,1667
28364,"Ellbachsee",NA,NA,NA,770
28365,"Lake Kournas",NA,NA,NA,38
28371,"Chafariz do Rei",NA,NA,NA,1870
28373,"Charca dos Cões",NA,NA,NA,1843
28374,"Fraga do Vale Mourisco",NA,NA,NA,1364
28375,"Lagoa Clareza 1",NA,NA,NA,1804
28376,"Lagoa Comprida 1",NA,NA,NA,1607
28377,"Lagoa das Salgadeiras",NA,NA,NA,1869
28378,"Lagoacho das Favas",NA,NA,NA,1643
28379,"Canariza",NA,NA,NA,1623
28380,"Nave de Santo António",NA,NA,NA,1662
28381,"Quinta da Alagoa",NA,NA,NA,648
28383,"Torre 1",NA,NA,NA,1876
28388,"Lake Neor",NA,NA,NA,2485
28390,"Musisi-Karashoma",NA,NA,NA,2328
28391,"Rugezi",NA,NA,NA,2188
28392,"Mukukwe",NA,NA,NA,1586
28396,"Pico Bog",NA,NA,NA,874
28397,"Lagoa do Caveiro",NA,NA,NA,953
28409,"Djupdalsbekken",NA,NA,NA,642
28411,"Lake Ristjønna",NA,NA,NA,1290
28412,"Lake Topptjønna",NA,NA,NA,1325
28431,"Lake Heimtjønna",NA,NA,NA,1211
28440,"Lake Store Finnsjøen",NA,NA,NA,1259
28457,"Reinskaret bog",NA,NA,NA,908
28460,"Black Swamp",NA,NA,NA,1509
28488,"Tidal River",NA,NA,NA,14
28500,"Arbarrain mire",NA,NA,NA,1020
28501,"Sotombo bog",NA,NA,NA,1300
28502,"Zalama bog",NA,NA,NA,1311
28522,"Kalwira",NA,NA,NA,1918
28523,"Lake Tritrivakely I",NA,NA,NA,1749
28701,"Palm Terrace",NA,NA,NA,-317
28796,"Lake Emakat",NA,NA,NA,2175
28860,"Lake Tibenatus",NA,NA,NA,568
28940,"Lago del Pesce",NA,NA,NA,1208
28962,"Gros Fumé",NA,NA,NA,1369
28963,"Pierre-sur-Haute",NA,NA,NA,1600
28964,"Source Captée",NA,NA,NA,1581
28965,"Colleigne",NA,NA,NA,1495
28966,"Le Petit Char",NA,NA,NA,1600
28967,"Gourds des Aillères",NA,NA,NA,1339
28968,"Gourds des Aillères",NA,NA,NA,1336
28969,"Le Cratère",NA,NA,NA,1549
29035,"Cobb Valley CV1",NA,NA,NA,762
29037,"Aluaipugua",NA,NA,NA,2770
29063,"Rooiberg Shelter I",NA,NA,NA,1804
29065,"Cobb Valley CV3",NA,NA,NA,762
29068,"Sulsseewli",NA,NA,NA,1930
